1,Hotel Tres Ollas,125.5,Lima
2,Hotel Tres Ollas,125.5,Lima
3,Hotel Tres Ollas,125.5,Lima
4,Hotel Tres Ollas,125.5,Lima
5,Hotel Tres Ollas,125.5,Lima
6,Hotel Tres Ollas,125.5,Lima
7,Hotel Tres Ollas,125.5,Lima
8,Hotel Tres Ollas,125.5,Lima
9,Hotel Tres Ollas,125.5,Lima
10,Hotel Tres Ollas,125.5,Lima
11,Hotel Tres Ollas,125.5,Lima
12,Hotel Tres Ollas,125.5,Lima
13,Hotel Tres Ollas,125.5,Lima
14,Hotel Tres Ollas,125.5,Lima
15,Hotel Tres Ollas,125.5,Lima
16,Hotel Tres Ollas,125.5,Lima
17,Hotel Tres Ollas,125.5,Lima
18,Hotel Tres Ollas,125.5,Lima
19,Hotel Tres Ollas,125.5,Lima
20,Hotel Tres Ollas,125.5,Lima
21,Hotel Tres Ollas,125.5,Lima
22,Hotel Tres Ollas,125.5,Lima
23,Hotel Tres Ollas,125.5,Lima
24,Hotel Tres Ollas,125.5,Lima
25,Hotel Tres Ollas,125.5,Lima
26,Hotel Tres Ollas,125.5,Lima
27,Hotel Tres Ollas,125.5,Lima
28,Hotel Tres Ollas,125.5,Lima
29,Hotel Tres Ollas,125.5,Lima
30,Hotel Tres Ollas,125.5,Lima
31,Hotel Tres Ollas,125.5,Lima
32,Hotel Tres Ollas,125.5,Lima
33,Hotel Tres Ollas,125.5,Lima
34,Hotel Tres Ollas,125.5,Lima
35,Hotel Tres Ollas,125.5,Lima
36,Hotel Tres Ollas,125.5,Lima
37,Hotel Tres Ollas,125.5,Lima
38,Hotel Tres Ollas,125.5,Lima
39,Hotel Tres Ollas,125.5,Lima
40,Hotel Tres Ollas,125.5,Lima
41,Hotel Tres Ollas,125.5,Lima
42,Hotel Tres Ollas,125.5,Lima
43,Hotel Tres Ollas,125.5,Lima
44,Hotel Tres Ollas,125.5,Lima
45,Hotel Tres Ollas,125.5,Lima